{
  "PORTS": {
    "DATA": 3707
  },
  "NAME": "Ninja's Name",
  "HOST": "127.0.0.1",
  "CONNECTION": {
    "RECONNECTION_DELAY_MAX": 5000,
    "RECONNECTION_DELAY": 1000,
    "TIMEOUT": 20000,
    "rejectUnauthorized": false
  },
  "FILE_TRANSFER": {
    "ACK_INTERVAL": 2000
  },
  "PROGRESS_BAR": {
    "COLOR_MAP": {
      "FAILED": [
        "red",
        "red"
      ],
      "INVALID": [
        "red",
        "red"
      ],
      "DONE": [
        "gray",
        "green"
      ],
      "IN_PROGRESS": [
        "gray",
        "cyan"
      ]
    },
    "MAX_NAME_LENGTH": 10
  },
  "NO_LOG": true
}